"role_name","permission"
"administrator","access administration pages"
"administrator","access all views"
"administrator","access backup and migrate"
"administrator","access backup files"
"administrator","access broken links report"
"administrator","access comments"
"administrator","access content"
"administrator","access content overview"
"administrator","access dashboard"
"administrator","access devel information"
"administrator","access global drupal wall content"
"administrator","access news feeds"
"administrator","access own broken links report"
"administrator","access printer-friendly version"
"administrator","access rules debug"
"administrator","access site in maintenance mode"
"administrator","access site reports"
"administrator","access site-wide contact form"
"administrator","access statistics"
"administrator","access toolbar"
"administrator","access user contact forms"
"administrator","access user profiles"
"administrator","add content to books"
"administrator","administer actions"
"administrator","administer addtoany"
"administrator","administer backup and migrate"
"administrator","administer blocks"
"administrator","administer book outlines"
"administrator","administer boxes"
"administrator","administer comments"
"administrator","administer contact forms"
"administrator","administer content translations"
"administrator","administer content types"
"administrator","administer contexts"
"administrator","administer dependencies"
"administrator","administer disqus"
"administrator","administer EU Cookie Compliance popup"
"administrator","administer event_registration registration"
"administrator","administer features"
"administrator","administer field collections"
"administrator","administer fieldgroups"
"administrator","administer fields"
"administrator","administer file types"
"administrator","administer files"
"administrator","administer filters"
"administrator","administer flags"
"administrator","administer flexslider"
"administrator","administer google adwords module"
"administrator","administer google analytics"
"administrator","administer group"
"administrator","administer honeypot"
"administrator","administer image styles"
"administrator","administer imce"
"administrator","administer languages"
"administrator","administer linkchecker"
"administrator","administer mailsystem"
"administrator","administer menu"
"administrator","administer module filter"
"administrator","administer modules"
"administrator","administer news feeds"
"administrator","administer newsletters"
"administrator","administer node gallery"
"administrator","administer nodes"
"administrator","administer own event_registration registration"
"administrator","administer pathauto"
"administrator","administer permissions"
"administrator","administer phpmailer settings"
"administrator","administer registration"
"administrator","administer registration states"
"administrator","administer registration types"
"administrator","administer reroute email"
"administrator","administer rules"
"administrator","administer search"
"administrator","administer sharethis"
"administrator","administer simplenews settings"
"administrator","administer simplenews subscriptions"
"administrator","administer simplify"
"administrator","administer site configuration"
"administrator","administer smtp module"
"administrator","administer software updates"
"administrator","administer statistics"
"administrator","administer string overrides"
"administrator","administer taxonomy"
"administrator","administer Terms and Conditions"
"administrator","administer themes"
"administrator","administer url aliases"
"administrator","administer user locations"
"administrator","administer users"
"administrator","administer uuid"
"administrator","administer views"
"administrator","advanced migration information"
"administrator","assign administrator role"
"administrator","assign all roles"
"administrator","assign edoovillage manager role"
"administrator","assign hub manager role"
"administrator","assign laptop manager role"
"administrator","assign team manager role"
"administrator","assign wiki writer role"
"administrator","block IP addresses"
"administrator","boost flush pages"
"administrator","bypass file access"
"administrator","bypass node access"
"administrator","bypass rules access"
"administrator","bypass user restriction rules"
"administrator","cancel account"
"administrator","change own username"
"administrator","clone node"
"administrator","clone own nodes"
"administrator","context ajax block access"
"administrator","create article content"
"administrator","create blog content"
"administrator","create event_registration registration other anonymous"
"administrator","create event_registration registration other users"
"administrator","create files"
"administrator","create labdoo_story content"
"administrator","create new books"
"administrator","create node_gallery_item content"
"administrator","create page content"
"administrator","create team content"
"administrator","create url aliases"
"administrator","delete any article content"
"administrator","delete any audio files"
"administrator","delete any blog content"
"administrator","delete any document files"
"administrator","delete any event_registration registration"
"administrator","delete any image files"
"administrator","delete any node_gallery_item content"
"administrator","delete any page content"
"administrator","delete any simplenews content"
"administrator","delete any team content"
"administrator","delete any team_page content"
"administrator","delete any video files"
"administrator","delete backup files"
"administrator","delete own article content"
"administrator","delete own audio files"
"administrator","delete own blog content"
"administrator","delete own document files"
"administrator","delete own image files"
"administrator","delete own labdoo_story content"
"administrator","delete own node_gallery_item content"
"administrator","delete own page content"
"administrator","delete own team content"
"administrator","delete own video files"
"administrator","delete revisions"
"administrator","delete terms in newsletter"
"administrator","delete terms in tags"
"administrator","display disqus comments on profile"
"administrator","display EU Cookie Compliance popup"
"administrator","download any audio files"
"administrator","download any document files"
"administrator","download any image files"
"administrator","download any video files"
"administrator","download own audio files"
"administrator","download own document files"
"administrator","download own image files"
"administrator","download own video files"
"administrator","edit any article content"
"administrator","edit any audio files"
"administrator","edit any blog content"
"administrator","edit any checklistapi checklist"
"administrator","edit any document files"
"administrator","edit any image files"
"administrator","edit any labdoo_story content"
"administrator","edit any node_gallery_item content"
"administrator","edit any page content"
"administrator","edit any team content"
"administrator","edit any team_page content"
"administrator","edit any video files"
"administrator","edit boxes"
"administrator","edit event_registration registration state"
"administrator","edit gdpr_checklist checklistapi checklist"
"administrator","edit google adwords parameters"
"administrator","edit link settings"
"administrator","edit mimemail user settings"
"administrator","edit own article content"
"administrator","edit own audio files"
"administrator","edit own blog content"
"administrator","edit own comments"
"administrator","edit own document files"
"administrator","edit own image files"
"administrator","edit own labdoo_story content"
"administrator","edit own node_gallery_item content"
"administrator","edit own page content"
"administrator","edit own team content"
"administrator","edit own video files"
"administrator","edit terms in newsletter"
"administrator","edit terms in tags"
"administrator","edit user restriction rules"
"administrator","execute php code"
"administrator","export nodes"
"administrator","export own nodes"
"administrator","manage features"
"administrator","menu view unpublished"
"administrator","migration information"
"administrator","notify of path changes"
"administrator","opt-in or out of tracking"
"administrator","perform backup"
"administrator","post comments"
"administrator","protected from spambot scans"
"administrator","publish any content"
"administrator","publish editable content"
"administrator","restore from backup"
"administrator","revert revisions"
"administrator","search action content"
"administrator","search book content"
"administrator","search content"
"administrator","search dootrip content"
"administrator","search edoovillage content"
"administrator","search hub content"
"administrator","search laptop content"
"administrator","search node_gallery_gallery content"
"administrator","search simplenews content"
"administrator","select account cancellation method"
"administrator","send arbitrary files"
"administrator","send newsletter"
"administrator","set own user location"
"administrator","skip comment approval"
"administrator","submit latitude/longitude"
"administrator","subscribe to newsletters"
"administrator","switch users"
"administrator","toggle disqus comments"
"administrator","translate admin strings"
"administrator","translate content"
"administrator","translate interface"
"administrator","translate user-defined strings"
"administrator","unpublish any content"
"administrator","unpublish editable content"
"administrator","update any event_registration registration"
"administrator","upload to all galleries"
"administrator","use advanced search"
"administrator","use ctools import"
"administrator","use flag import"
"administrator","use PHP for settings"
"administrator","use PHP for tracking visibility"
"administrator","use PHP to import nodes"
"administrator","use Search Autocomplete"
"administrator","use text format filtered_html"
"administrator","use text format filtered_html_advanced"
"administrator","use text format full_html"
"administrator","view all user locations"
"administrator","view any checklistapi checklist"
"administrator","view any unpublished article content"
"administrator","view any unpublished blog content"
"administrator","view any unpublished book content"
"administrator","view any unpublished content"
"administrator","view any unpublished node_gallery_gallery content"
"administrator","view any unpublished node_gallery_item content"
"administrator","view any unpublished page content"
"administrator","view any unpublished simplenews content"
"administrator","view checklistapi checklists report"
"administrator","view disqus comments"
"administrator","view event_registration registration"
"administrator","view files"
"administrator","view gdpr_checklist checklistapi checklist"
"administrator","view hidden fields"
"administrator","view location directory"
"administrator","view node location table"
"administrator","view node map"
"administrator","view own files"
"administrator","view own private files"
"administrator","view own unpublished content"
"administrator","view own user location"
"administrator","view post access counter"
"administrator","view private files"
"administrator","view revisions"
"administrator","view Terms and Conditions"
"administrator","view the administration theme"
"administrator","view user location details"
"administrator","view user location table"
"administrator","view user map"
"anonymous user","access comments"
"anonymous user","access content"
"anonymous user","access global drupal wall content"
"anonymous user","access printer-friendly version"
"anonymous user","access site-wide contact form"
"anonymous user","create event_registration registration"
"anonymous user","create event_registration registration self"
"anonymous user","delete own event_registration registration"
"anonymous user","display EU Cookie Compliance popup"
"anonymous user","search book content"
"anonymous user","search content"
"anonymous user","search event content"
"anonymous user","search page content"
"anonymous user","search simplenews content"
"anonymous user","search superhub_page content"
"anonymous user","search team_page content"
"anonymous user","search team_task content"
"anonymous user","subscribe to newsletters"
"anonymous user","update own event_registration registration"
"anonymous user","use advanced search"
"anonymous user","use Search Autocomplete"
"anonymous user","use text format filtered_html"
"anonymous user","view files"
"anonymous user","view own event_registration registration"
"anonymous user","view Terms and Conditions"
"authenticated user","access comments"
"authenticated user","access content"
"authenticated user","access global drupal wall content"
"authenticated user","access printer-friendly version"
"authenticated user","access site-wide contact form"
"authenticated user","access user contact forms"
"authenticated user","access user profiles"
"authenticated user","cancel account"
"authenticated user","clone own nodes"
"authenticated user","create dootrip content"
"authenticated user","create drupal_wall content"
"authenticated user","create event_registration registration"
"authenticated user","create event_registration registration self"
"authenticated user","create laptop content"
"authenticated user","delete own dootrip content"
"authenticated user","delete own drupal_wall content"
"authenticated user","delete own event_registration registration"
"authenticated user","delete own laptop content"
"authenticated user","display EU Cookie Compliance popup"
"authenticated user","edit own comments"
"authenticated user","edit own dootrip content"
"authenticated user","edit own drupal_wall content"
"authenticated user","edit own laptop content"
"authenticated user","flag labdoo_like_flag"
"authenticated user","post comments"
"authenticated user","search book content"
"authenticated user","search content"
"authenticated user","search event content"
"authenticated user","search page content"
"authenticated user","search simplenews content"
"authenticated user","search superhub_page content"
"authenticated user","search team_page content"
"authenticated user","search team_task content"
"authenticated user","set own user location"
"authenticated user","skip comment approval"
"authenticated user","submit latitude/longitude"
"authenticated user","subscribe to newsletters"
"authenticated user","unflag labdoo_like_flag"
"authenticated user","update own event_registration registration"
"authenticated user","use advanced search"
"authenticated user","use Search Autocomplete"
"authenticated user","use text format filtered_html"
"authenticated user","use text format filtered_html_advanced"
"authenticated user","view all user locations"
"authenticated user","view any private_page content"
"authenticated user","view files"
"authenticated user","view own event_registration registration"
"authenticated user","view own user location"
"authenticated user","view revisions"
"authenticated user","view Terms and Conditions"
"edoovillage manager","create edoovillage content"
"edoovillage manager","create labdoo_story content"
"edoovillage manager","create node_gallery_item content"
"edoovillage manager","delete any node_gallery_item content"
"edoovillage manager","delete own node_gallery_item content"
"edoovillage manager","display EU Cookie Compliance popup"
"edoovillage manager","edit any node_gallery_item content"
"edoovillage manager","edit own edoovillage content"
"edoovillage manager","edit own labdoo_story content"
"edoovillage manager","edit own node_gallery_item content"
"edoovillage manager","revert revisions"
"edoovillage manager","upload to all galleries"
"edoovillage manager","use text format filtered_html_advanced"
"hub manager","assign edoovillage manager role"
"hub manager","assign hub manager role"
"hub manager","create edoovillage content"
"hub manager","create hub content"
"hub manager","create labdoo_story content"
"hub manager","create node_gallery_item content"
"hub manager","delete any node_gallery_item content"
"hub manager","delete own edoovillage content"
"hub manager","delete own node_gallery_item content"
"hub manager","display EU Cookie Compliance popup"
"hub manager","edit any node_gallery_item content"
"hub manager","edit own edoovillage content"
"hub manager","edit own hub content"
"hub manager","edit own labdoo_story content"
"hub manager","edit own node_gallery_item content"
"hub manager","revert revisions"
"hub manager","upload to all galleries"
"laptop manager","display EU Cookie Compliance popup"
"laptop manager","edit any laptop content"
"newsletter manager","administer newsletters"
"newsletter manager","administer simplenews subscriptions"
"newsletter manager","create simplenews content"
"newsletter manager","delete own simplenews content"
"newsletter manager","display EU Cookie Compliance popup"
"newsletter manager","edit any simplenews content"
"newsletter manager","edit own simplenews content"
"newsletter manager","revert revisions"
"newsletter manager","send newsletter"
"newsletter manager","use text format filtered_html_advanced"
"superhub manager","access broken links report"
"superhub manager","access own broken links report"
"superhub manager","assign edoovillage manager role"
"superhub manager","assign hub manager role"
"superhub manager","assign laptop manager role"
"superhub manager","assign team manager role"
"superhub manager","assign wiki writer role"
"superhub manager","clone node"
"superhub manager","create event_registration registration other anonymous"
"superhub manager","create event_registration registration other users"
"superhub manager","create hub content"
"superhub manager","create labdoo_story content"
"superhub manager","create node_gallery_item content"
"superhub manager","create superhub_page content"
"superhub manager","delete any book content"
"superhub manager","delete any dootrip content"
"superhub manager","delete any event_registration registration"
"superhub manager","delete any node_gallery_item content"
"superhub manager","delete own hub content"
"superhub manager","delete own labdoo_story content"
"superhub manager","delete own node_gallery_item content"
"superhub manager","delete own superhub_page content"
"superhub manager","display EU Cookie Compliance popup"
"superhub manager","edit any dootrip content"
"superhub manager","edit any edoovillage content"
"superhub manager","edit any hub content"
"superhub manager","edit any labdoo_story content"
"superhub manager","edit any laptop content"
"superhub manager","edit any node_gallery_item content"
"superhub manager","edit any superhub_page content"
"superhub manager","edit event_registration registration state"
"superhub manager","edit own hub content"
"superhub manager","edit own labdoo_story content"
"superhub manager","edit own node_gallery_item content"
"superhub manager","edit own superhub_page content"
"superhub manager","revert revisions"
"superhub manager","upload to all galleries"
"superhub manager","use text format filtered_html_advanced"
"team manager","create team content"
"team manager","delete own team content"
"team manager","display EU Cookie Compliance popup"
"team manager","edit own team content"
"team manager","revert revisions"
"wiki writer","access broken links report"
"wiki writer","access own broken links report"
"wiki writer","add content to books"
"wiki writer","administer book outlines"
"wiki writer","create book content"
"wiki writer","create labdoo_story content"
"wiki writer","create new books"
"wiki writer","delete own book content"
"wiki writer","delete own labdoo_story content"
"wiki writer","display EU Cookie Compliance popup"
"wiki writer","edit any book content"
"wiki writer","edit any labdoo_story content"
"wiki writer","edit own book content"
"wiki writer","edit own labdoo_story content"
"wiki writer","menu view unpublished"
"wiki writer","publish any book content"
"wiki writer","publish editable book content"
"wiki writer","publish own book content"
"wiki writer","revert revisions"
"wiki writer","unpublish any book content"
"wiki writer","unpublish editable book content"
"wiki writer","unpublish own book content"
"wiki writer","use text format filtered_html_advanced"
"wiki writer","view any unpublished book content"
